{"Bkkg15nvEUZjDPqjFcrrMg==":"mbr-1920x1080.jpg","oJj3blbwmri944kRRFGA7w==":"mbr-1920x1080.jpeg","GSq9Hn/P4Ri11jzdb/EDfA==":"mbr-1920x1280.jpg","HKwsic+2eb9in789+6FoVA==":"mbr-96x64.jpg","8fUkNDpRCbF1G5odQ6YL1Q==":"mbr-144x129.png","uGxsp0q5uwhCVogV3/Pe0Q==":"oig4-1024x1024.jpg","mvQfiQV2orCGRcFX61xO3Q==":"oig2-816x816.jpg","nSr57Mi61b/Bd7uieJTUtg==":"oig3-816x816.jpg","Yl7jNtiBX2GoYxdcJcvlqw==":"oig3%20(1)-816x816.jpg","5W5eCbcEkNiENCt4msgBPA==":"oig2%20(1)-816x816.jpg","Pg45/Df40NJs5nGB6oYFGA==":"mbr-816x544.jpg","LH5Cs28rtQGaWho6C/sxgg==":"1-816x816.png","TF6x4HCoQ8e06ZeHGwVNrw==":"2-816x816.png","MwsP/4CuPv//q6k0RgM+4w==":"3-816x816.png","Eh67h47dPHFkONxGVwRRwg==":"4-816x544.png","lPcn4w6Vkk8Wdn89pp0YmQ==":"4-1-816x544.png","g+A1nw16Joao01SPwnFIaQ==":"gallery07.jpg","qWG+T2RNJaluNKMhzXtxew==":"gallery04.jpg","/rjAZJ8AFIiUhssMJHTyOQ==":"gallery03.jpg","ujVfO4bUA8SuzsiqJ6w0ag==":"gallery06.jpg","oh4sfGdizJrjHM2Yr79uzA==":"gallery05.jpg","O7Ix5WiPC5KQGR5Sc5XdJg==":"gallery02.jpg","aYA3me8F9ML2cOeBRE+fUg==":"gallery01.jpg","XqStexa3ucYeWEdbgE9USg==":"background1.jpg","+JqWOQXVj6RUzIadEBlFLg==":"1-1024x1024.png","qvB/u/jKXVXeiiq1NPxwHg==":"2-1024x1024.png","Dfsn3EaThKm0D2GH3p/J5A==":"3-1000x1000.png","rRmrqhMsyi/IIMjtoE1now==":"4-1200x800.png","D2u54EFMOcbYtFT0/PPLnA==":"4-1024x683.png","/V8wPXvlzgtNlYkQtrgrZg==":"3-1024x1024.png","5cewfpdpdpNHibK2XXQPKQ==":"background1-1.jpg","4Z60rDbNmRSiU0JxxuVkoA==":"jedzenie%2520cennik-2000x1468.jpeg","TU1++ZYD0J3C22ihZd3qlA==":"cennik-1024x1024.png","pFxj2S+w3P6sBCSTPemcwA==":"cennik-1-1024x1024.png","Lwali0ZoYqbwb5H5+XPlBw==":"cennik-2-1024x1024.png","BrjqyBjXSsbpgQfH1cQlZw==":"cennik-3-1024x1024.png"}